food,image_url,Caloric Value,Fat,Saturated Fats,Monounsaturated Fats,Polyunsaturated Fats,Carbohydrates,Sugars,Protein,Dietary Fiber,Cholesterol,Sodium,Vitamin A,Vitamin B1,Vitamin B11,Vitamin B12,Vitamin B2,Vitamin B3,Vitamin B5,Vitamin B6,Vitamin C,Vitamin D,Vitamin E,Vitamin K,Calcium,Iron,Copper,Magnesium,Manganese,Phosphorus,Potassium,Selenium,Zinc,food_type
Nectarine,https://cdn.britannica.com/25/182625-050-327FAC9B/Nectarine-fruits.jpg,44,320,30,90,110,11000,7900,1100,1700,0,0,0.0996,0.03,0.005,0,0.03,1.1,0.19,0.03,5.4,0,0.77,0.0022,6,0.28,0.09,9,0.05,26,201,0,0.17,Fruits
Pitanga (Surinam cherry),"https://static.wixstatic.com/media/27fcad_8f65eddd31cb4a699d0ced2118dbc2ba~mv2_d_2272_1704_s_2.jpg/v1/fill/w_480,h_360,al_c,q_80,usm_0.66_1.00_0.01,enc_avif,quality_auto/27fcad_8f65eddd31cb4a699d0ced2118dbc2ba~mv2_d_2272_1704_s_2.jpg",33,400,0,0,0,7500,0,800,0,0,3,0.45,0.03,0,0,0.04,0.3,0,0,26,0,0,0,9,0.2,0,12,0,11,103,0,0,Fruits
Kiwifruit,https://cdn.britannica.com/45/126445-050-4C0FA9F6/Kiwi-fruit.jpg,61,520,30,50,290,15000,9000,1100,3000,0,3,0.0261,0.03,0.025,0,0.03,0.34,0.18,0.06,93,0,1.5,0.04,34,0.31,0.13,17,0.1,34,312,0.0002,0.14,Fruits
Cherry,https://traicayxanh.vn/wp-content/uploads/2021/07/cherry-my.jpg,50,300,70,80,90,12000,8500,1000,1600,0,3,0.3849,0.03,0.008,0,0.04,0.4,0.14,0.04,10,0,0.07,0.0021,16,0.32,0.1,9,0.11,15,173,0,0.1,Fruits
Peach,https://s30386.pcdn.co/wp-content/uploads/2019/08/clip-Peaches_HNL1408_ts462290863.jpg.optimal.jpg,39,250,20,70,90,9500,8400,910,1500,0,0,0.0978,0.02,0.004,0,0.03,0.81,0.15,0.03,6.6,0,0.73,0.0026,6,0.25,0.07,9,0.06,20,190,0.0001,0.17,Fruits
Acerola,https://cdn.nhathuoclongchau.com.vn/unsafe/800x0/https://cms-prod.s3-sgn09.fptcloud.com/acerola1_00c171aa8d.png,32,300,70,80,90,7700,0,400,1100,0,7,0.2301,0.02,0.014,0,0.06,0.4,0.31,0.01,1678,0,0,0,12,0.2,0.09,18,0,11,146,0.0006,0.1,Fruits
Roselle,https://images.squarespace-cdn.com/content/v1/5e4200dec6116365b44bfc2f/1715060099004-DJ8BC72PI7QH2OK109J0/rosella+hibiscus+sabdariffa+1.jpg,49,640,0,0,0,11000,0,960,0,0,6,0.0861,0.01,0,0,0.03,0.31,0,0,12,0,0,0,215,1.5,0,51,0,37,208,0,0,Fruits
Elderberry,https://media.post.rvohealth.io/wp-content/uploads/2018/03/Elderberries_732x549-thumbnail-732x549.jpg,73,500,20,80,250,18000,0,660,7000,0,6,0.18,0.07,0.006,0,0.06,0.5,0.14,0.23,36,0,0,0,38,1.6,0.06,5,0,39,280,0.0006,0.11,Fruits
Carambola,https://cdn.britannica.com/19/234019-050-16E56810/carambola-fruit-and-slice.jpg,31,330,20,30,180,6700,4000,1000,2800,0,2,0.0183,0.01,0.012,0,0.02,0.37,0.39,0.02,34,0,0.15,0,3,0.08,0.14,10,0.04,12,133,0.0006,0.12,Fruits
Goji berries,https://www.berriesforafrica.co.za/wp-content/uploads/2017/02/gojiberry-goji-berry-berries-lycium-barbarum-fruit.jpg,349,390,0,0,0,77000,46000,14000,13000,0,298,8.0466,0,0,0,0,0,0,0,48,0,0,0,190,6.8,0,0,0,0,0,0,0,Fruits
Avocado,https://cdn.britannica.com/72/170772-050-D52BF8C2/Avocado-fruits.jpg,160,15000,2100,9800,1800,8500,660,2000,6700,0,7,0.0438,0.07,0.081,0,0.13,1.7,1.4,0.26,10,0,2.1,0.021,12,0.55,0.19,29,0.14,52,485,0.0004,0.64,Fruits
Lime,https://cdn.britannica.com/90/80590-050-F94F0332/Limes-peels-pulp-sections.jpg,30,200,20,20,60,11000,1700,700,2800,0,2,0.015,0.03,0.008,0,0.02,0.2,0.22,0.04,29,0,0.22,0.0006,33,0.6,0.07,6,0.01,18,102,0.0004,0.11,Fruits
Honeydew,https://upload.wikimedia.org/wikipedia/commons/f/f5/Honeydew.jpg,36,140,40,0,60,9100,8100,540,800,0,18,0.015,0.04,0.019,0,0.01,0.42,0.16,0.09,18,0,0.02,0.0029,6,0.17,0.02,10,0.03,11,228,0.0007,0.09,Fruits
Naranjilla,https://fiercefruit.com/cdn/shop/articles/lulo-fruit-cut-open_806x.jpg?v=1628814929,25,220,0,0,0,5900,3700,440,1100,0,4,0.1704,0.05,0.003,0,0,1.5,0.22,0.11,3.2,0,0.75,0.015,8,0.35,0.03,11,0.07,12,200,0.0004,0.1,Fruits
Horned melon,https://images-prod.healthline.com/hlcmsresource/images/AN_images/kiwano-melon-1296x728-feature.jpg,44,1300,0,0,0,7600,0,1800,0,0,2,0.0441,0.03,0.003,0,0.02,0.57,0.18,0.06,5.3,0,0,0,13,1.1,0.02,40,0.04,37,123,0,0.48,Fruits
Purple mangosteen,https://blog.suvie.com/wp-content/uploads/2021/07/mangosteen-811154_1920-1360x903.jpg,73,580,0,0,0,18000,0,410,1800,0,7,0.0105,0.05,0.031,0,0.05,0.29,0.03,0.02,2.9,0,0,0,12,0.3,0.07,13,0.1,8,48,0,0.21,Fruits
Crateva religiosa,https://apps.lucidcentral.org/rainforest/images/entities/crateva_religiosa/p014044.jpg,69,100,10,0,0,18000,8600,1500,5300,0,20,0.03,0,0,0,0,0,0,0,54,0,0,0,8,1.6,0.06,24,0.18,47,304,0,0.31,Fruits
Raisin,https://media.post.rvohealth.io/wp-content/uploads/sites/3/2020/02/325127_2200-800x1200.jpg,299,460,60,50,40,79000,59000,3100,3700,0,11,0,0.11,0.005,0,0.13,0.77,0.1,0.17,2.3,0,0.12,0.0035,50,1.9,0.32,32,0.3,101,749,0.0006,0.22,Fruits
Banana melon,https://migardener.com/cdn/shop/products/MEL13_banana_5c3f0f8e-d3a3-41e7-b0b7-2377d900fa52_800x.jpg?v=1623166226,21,200,0,0,0,4100,3400,840,300,0,11,0,0.02,0.02,0,0.02,0.46,0.07,0.05,8.1,0,0,0.0049,13,0.21,0.04,10,0.04,9,140,0.0004,0.14,Fruits
Loganberries,https://specialtyproduce.com/sppics/545.png,55,310,10,30,180,13000,7700,1500,5300,0,1,0.0105,0.05,0.026,0,0.03,0.84,0.24,0.07,15,0,0.87,0.0078,26,0.64,0.12,21,1.2,26,145,0.0002,0.34,Fruits
Guava,https://img.imageboss.me/fourwinds/width/425/dpr:2/shop/files/Tropical-Pink-Guava-Tree.jpg?v=1729717324,68,950,270,90,400,14000,8900,2600,5400,0,2,0.1872,0.07,0.049,0,0.04,1.1,0.45,0.11,228,0,0.73,0.0026,18,0.26,0.23,22,0.15,40,417,0.0006,0.23,Fruits
Purslane,https://images.squarespace-cdn.com/content/v1/578753d7d482e9c3a909de40/1686566986194-UHW3K1U9J2EE1MINMZK1/249476-1600x1030-growing-harvesting-purslane.jpeg?format=2500w,20,360,0,0,0,3400,0,2000,0,0,45,0.396,0.05,0.012,0,0.11,0.48,0.04,0.07,21,0,0,0,65,2,0.11,68,0.3,44,494,0.0009,0.17,Vegetables
Radish,https://www.tasteofhome.com/wp-content/uploads/2019/05/radish-shutterstock_1010435131.jpg,16,100,30,20,50,3400,1900,680,1600,0,39,0.0021,0.01,0.025,0,0.04,0.25,0.17,0.07,15,0,0,0.0013,25,0.34,0.05,10,0.07,20,233,0.0006,0.28,Vegetables
Borage,https://ecohuertaonline.com/25-large_default/borage.jpg,21,700,170,210,110,3100,0,1800,0,0,80,1.26,0.06,0.013,0,0.15,0.9,0.04,0.08,35,0,0,0,93,3.3,0.13,52,0.35,53,470,0.0009,0.2,Vegetables
Shiitake,https://cdn.nhathuoclongchau.com.vn/unsafe/800x0/https://cms-prod.s3-sgn09.fptcloud.com/nam_shiitake_1_4cb12ef31e.jpg,34,490,0,0,0,6800,2400,2200,2500,0,9,0,0.02,0.013,0,0.22,3.9,1.5,0.29,0,0.0004,0,0,2,0.41,0.14,20,0.23,112,304,0.0057,1,Vegetables
Jerusalem artichoke,https://images.immediate.co.uk/production/volatile/sites/30/2020/02/iStock-jerusalem-artichoke-ed9d235.jpg,73,10,0,0,0,17000,9600,2000,1600,0,4,0.006,0.2,0.013,0,0.06,1.3,0.4,0.08,4,0,0.19,0.0001,14,3.4,0.14,17,0.06,78,429,0.0007,0.12,Vegetables
Truffle,https://gubistronomy.com/wp-content/uploads/2023/02/nam-truffle-2.jpg,284,730,0,0,0,73000,0,9300,70000,0,35,0,0.02,0.038,0,0.84,6.3,0.48,0.11,0,0,0,0,159,5.9,0.18,83,2,184,754,0.043,1.3,Vegetables
Basil,https://daylambanh.edu.vn/wp-content/uploads/2019/06/basil-la-gi.jpg,23,640,40,90,390,2700,300,3200,1600,0,4,1.5825,0.03,0.068,0,0.08,0.9,0.21,0.16,18,0,0.8,0.415,177,3.2,0.39,64,1.1,56,295,0.0003,0.81,Vegetables
Enoki mushrooms,https://yummyaddiction.com/wp-content/uploads/2023/11/how-to-cook-enoki-mushrooms-featured.jpg,37,290,20,0,90,7800,220,2700,2700,0,3,0,0.23,0.048,0,0.2,7,1.4,0.1,0,0.0001,0.01,0,0,1.2,0.11,16,0.08,105,359,0.0022,0.65,Vegetables
Barley,https://kiranamarket.com/wp-content/uploads/2024/06/BARLEY-1000G.jpg,123,440,90,60,210,28000,280,2300,3800,0,3,0.0021,0.08,0.016,0,0.06,2.1,0.14,0.12,0,0,0.01,0.0008,11,1.3,0.11,22,0.26,54,93,0.0086,0.82,Vegetables
Chayote,https://www.melissas.com/cdn/shop/products/image-of-chayote-squash-vegetables-33579281776684.jpg?v=1679408034,19,130,30,10,60,4500,1700,820,1700,0,2,0,0.03,0.093,0,0.03,0.47,0.25,0.08,7.7,0,0.12,0.0041,17,0.34,0.12,12,0.19,18,125,0.0002,0.74,Vegetables
Turnip,https://upload.wikimedia.org/wikipedia/commons/d/d3/Turnip_2622027.jpg,28,100,10,10,50,6400,3800,900,1800,0,67,0,0.04,0.015,0,0.03,0.4,0.2,0.09,21,0,0.03,0.0001,30,0.3,0.09,11,0.13,27,191,0.0007,0.27,Vegetables
Cassava,https://cdn.britannica.com/68/140368-050-C1B8D613/tubers.jpg,160,280,70,80,50,38000,1700,1400,1800,0,14,0.0039,0.09,0.027,0,0.05,0.85,0.11,0.09,21,0,0.19,0.0019,16,0.27,0.1,21,0.38,27,271,0.0007,0.34,Vegetables
Chili Pepper,https://www.instacart.com/company/wp-content/uploads/2022/04/chili-peppers-1050x525.jpg,40,200,20,10,110,9500,5100,2000,1500,0,7,0.3537,0.09,0.023,0,0.09,0.95,0.06,0.28,243,0,0.69,0.014,18,1.2,0.17,25,0.24,46,340,0.0005,0.3,Vegetables
Eggplant,https://www.bradleysmoker.com/cdn/shop/articles/Smoked-Marinated-Eggplant-Recipe-scaled.jpg?v=1675739133,25,180,30,20,80,5900,3500,980,3000,0,2,0.0069,0.04,0.022,0,0.04,0.65,0.28,0.08,2.2,0,0.3,0.0035,9,0.23,0.08,14,0.23,24,229,0.0003,0.16,Vegetables
Kanpyo,https://upload.wikimedia.org/wikipedia/commons/5/57/Kampyo.JPG,258,560,50,100,240,65000,0,8600,9800,0,15,0,0,0.061,0,0.04,2.9,2.6,0.53,0.2,0,0,0,280,5.1,0.43,125,1.1,188,1582,0.0026,5.9,Vegetables
Lettuce,https://i0.wp.com/post.healthline.com/wp-content/uploads/2020/03/romaine-lettuce-1296x728-body.jpg?w=1155&h=1528,15,150,20,10,80,2900,780,1400,1300,0,28,2.2215,0.07,0.038,0,0.08,0.38,0.13,0.09,9.2,0,0.22,0.126,36,0.86,0.03,13,0.25,29,194,0.0006,0.18,Vegetables
Chard,https://lh4.googleusercontent.com/_qvSQ4gt4bGw/TXfn0hD6JcI/AAAAAAAADWk/ia6lSvdBXiU/s640/swisschard.jpg,20,80,10,20,30,4100,1100,1900,2100,0,179,1.8372,0.03,0.009,0,0.09,0.36,0.16,0.09,18,0,1.9,0.327,58,2.3,0.16,86,0.33,33,549,0.0009,0.33,Vegetables
Portobello,https://cdn.britannica.com/48/187948-050-91A18EA8/portobello-mushroom.jpg,29,580,60,10,230,4400,2300,3300,2200,0,11,0,0.07,0.019,0,0.4,6.3,1.3,0.12,0,0.0003,0,0,3,0.4,0.39,13,0.07,135,437,0.022,0.65,Vegetables
Winter squash,https://www.seriouseats.com/thmb/euq0WVwG0FhFne10q25yrJeX8uI=/1500x0/filters:no_upscale():max_bytes(150000):strip_icc()/__opt__aboutcom__coeus__resources__content_migration__serious_eats__seriouseats.com__images__2017__11__20171031-squash-varieties-vicky-wasik-18-f6c3916c03e8431d9a8e2ebd18a02e96.jpg,37,350,70,30,150,8900,3300,890,2800,0,1,1.5669,0.02,0.02,0,0.07,0.5,0.23,0.16,9.6,0,0.12,0.0044,22,0.44,0.08,13,0.19,19,241,0.0004,0.22,Vegetables
Smoked salmon,https://www.bradleysmoker.com/cdn/shop/articles/AdobeStock_262242963-scaled.jpg?v=1675739306,117,4300,930,2000,1000,0,0,18000,0,23,672,0.0261,0.02,0.002,0.0033,0.1,4.7,0.87,0.28,0,0.017,1.4,0.0001,11,0.85,0.23,18,0.02,164,175,0.032,0.31,Meat
Oysters,https://rosannaetc.com/wp-content/uploads/2024/01/Serving-Fresh-Oysters-At-Home-15.jpg,102,3400,950,510,1100,5500,1200,11000,0,79,166,0.0264,0.04,0.014,0.018,0.18,1.9,0.45,0.06,0,0,1.7,0.002,116,9.2,5.7,35,0.59,194,139,0.04,79,Meat
Porterhouse steak,https://d21klxpge3tttg.cloudfront.net/wp-content/uploads/2021/03/Reverse-seared-porterhouse-poblano-crema.jpg,276,19000,7300,8700,690,0,0,24000,0,67,65,0,0.1,0.007,0.0022,0.23,4.2,0.31,0.37,0,0,0.18,0,7,2.9,0.13,22,0.02,193,299,0.02,4.6,Meat
Chorizo,https://upload.wikimedia.org/wikipedia/commons/2/25/Chorizos_P6021974.jpg,455,38000,14000,18000,3500,1900,0,24000,0,88,1235,0,0.63,0.002,0.002,0.3,5.1,1.1,0.53,0,0.0015,0.22,0.0016,8,1.6,0.08,18,0.04,150,398,0.021,3.4,Meat
Beef shank,https://onestophalal.com/cdn/shop/articles/beef_shank_banner-1686107331551_800x.jpg?v=1686107383,201,6400,2300,2900,210,0,0,34000,0,78,64,0,0.14,0.01,0.0038,0.21,5.9,0.41,0.37,0,0,0,0,32,3.9,0.17,30,0.02,263,447,0.03,10,Meat
Perch,https://wholeyseafood.com/wp-content/uploads/2020/07/wholey_seafood_white_perch_fillets.jpg,117,1200,240,200,470,0,0,25000,0,115,79,0.0096,0.08,0.006,0.0022,0.12,1.9,0.87,0.14,1.7,0,0,0,102,1.2,0.19,38,0.9,257,344,0.016,1.4,Meat
Smelt,https://blog.suvie.com/wp-content/uploads/2021/04/1620px-Smelt.jpg,124,3100,580,820,1100,0,0,23000,0,90,77,0.0174,0.01,0.005,0.004,0.15,1.8,0.74,0.17,0,0,0,0,77,1.2,0.18,38,0.9,295,372,0.047,2.1,Meat
Wolffish,https://img.freepik.com/premium-photo/fresh-raw-wolffish-o-wolf-fish-steak-butcher-board-dark-wooden-background-top-view_89816-30370.jpg,123,3100,470,1100,1100,0,0,22000,0,59,109,0.1299,0.21,0.006,0.0024,0.1,2.6,0.66,0.46,0,0,0,0,8,0.12,0.04,38,0.02,256,385,0.047,1,Meat
Mortadella,https://i.ytimg.com/vi/6njiho3U31c/maxresdefault.jpg,311,25000,9500,11000,3100,3100,0,16000,0,56,1246,0,0.12,0.003,0.0015,153,2.7,0.44,0.13,0,0.001,0.22,0.0016,18,1.4,0.06,11,0.03,97,163,0.023,2.1,Meat
Turkey wing,https://cdn4.volusion.store/etwvu-tkhop/v/vspfiles/photos/516-2.jpg?v-cache=1453624012,197,12000,3300,5000,2900,0,0,20000,0,70,55,0.0033,0.05,0.007,0.00039,0.11,4.4,0.55,0.41,0,0,0,0,14,1.3,0.08,21,0.02,165,240,0.022,1.5,Meat
Turkey leg,https://cdn11.bigcommerce.com/s-ul1e48c1/images/stencil/1280x1280/products/467/1551/Meat---Alberts-Smoked-Turkey-Drumstick__53403.1679574866.jpg?c=2,144,6700,2100,2100,1800,0,0,20000,0,71,74,0.0009,0.08,0.01,0.00039,0.21,2.9,1.1,0.34,0,0,0,0,17,1.7,0.14,21,0.02,177,273,0.026,3.1,Meat
Lamb,https://www.freshfarms.com/wp-content/uploads/2023/03/5-Reasons-to-Love-Lamb-Meat.jpg,294,21000,8800,8800,1500,0,0,25000,0,97,72,0,0.1,0.018,0.0026,0.25,6.7,0.66,0.13,0,0.0001,0.14,0.0046,17,1.9,0.12,23,0.02,188,310,0.026,4.5,Meat
Yellowtail,https://fasslergourmet.com/cdn/shop/products/YellowtailSashimi_1_300x300.jpg?v=1633945814,187,6700,0,0,0,0,0,30000,0,71,50,0.0312,0.18,0.004,0.0013,0.05,8.7,0.68,0.19,2.9,0,0,0,29,0.63,0.06,38,0.02,201,538,0.047,0.67,Meat
Rabbit Meat,https://gamekeepersmeat.com.au/cdn/shop/files/GK_Web_1800sq_110dpi_game_0006_Rabbit_1180-min.jpg?v=1694741429,173,3500,1100,950,680,0,0,33000,0,123,45,0,0.02,0.008,0.0065,0.07,6.4,0,0.34,0,0,0.41,0.0015,18,4.9,0.18,31,0,240,343,0.015,2.4,Meat
Bluefish,https://images.squarespace-cdn.com/content/v1/5c089f01f93fd410a92e642a/47e89417-4cae-4e6b-b40b-4a4170b1683f/DSCF2795.jpg,159,5400,1200,2300,1400,0,0,26000,0,76,77,0.1377,0.07,0.002,0.0062,0.1,7.2,0.96,0.46,0,0,0,0,9,0.62,0.07,42,0.03,291,477,0.047,1,Meat
Alaska pollock,https://i0.wp.com/fishingbooker.com/blog/media/Alaska-Pollock-Fillets.jpg?fit=1024%2C768&ssl=1,111,1200,160,130,580,0,0,23000,0,86,419,0.0153,0.05,0.003,0.0037,0.22,3.9,0.43,0.33,0,0.0013,0.28,0.0001,72,0.56,0.06,81,0.02,267,430,0.044,0.57,Meat
Ling fish,https://fisk.com.sg/wp-content/uploads/2020/10/Frozen-New-Zealand-Ling-Whole-Fillet-Skin-Off-Boneless-500g-Unpack.jpg,111,820,0,0,0,0,0,24000,0,51,173,0.0345,0.13,0.008,0.00065,0.23,2.8,0.37,0.35,0,0,0,0,44,0.83,0.14,81,0.04,254,486,0.047,1,Meat
Crayfish,https://mfeshop.com/cdn/shop/products/crawfishtailmeat1_1800x1800.jpg?v=1720025584,82,1200,180,240,370,0,0,17000,0,133,94,0.015,0.05,0.044,0.0022,0.09,2.3,0.58,0.08,0.9,0,1.5,0.0001,60,0.83,0.69,33,0.52,270,296,0.037,1.8,Meat
Scallop,https://freshcatch.ae/wp-content/uploads/2020/08/scallops1.jpg,111,840,220,80,220,5400,0,21000,0,41,667,0.0015,0.01,0.02,0.0022,0.02,1.1,0.37,0.11,0,0,0,0,10,0.58,0.03,37,0.03,426,314,0.022,1.6,Meat
Roe,https://bbq.pl/36-large_default/roe-deer-stew.jpg,204,8200,1900,2100,3400,1900,0,29000,0,479,117,0.0909,0.28,0.092,0.012,0.95,2.2,1.2,0.19,16,0,0,0,28,0.77,0.13,26,0.01,515,283,0.052,1.3,Meat
Lamb loin,https://www.lobels.com/images/thumbs/0001468_lamb-loin-chops_882.jpeg,309,24000,10000,9700,1900,0,0,23000,0,95,64,0,0.1,0.019,0.0022,0.24,7.1,0.65,0.11,0,0.0001,0.11,0.0047,18,2.1,0.12,23,0.02,180,246,0.025,3.4,Meat
Blue cheese,https://shop.annam-gourmet.com/pub/media/magefan_blog/blue_cheese_annam_gourmet.png,353,29000,19000,7800,800,2300,500,21000,0,75,1146,0.2163,0.03,0.036,0.0012,0.38,1,1.7,0.17,0,0.0005,0.25,0.0024,528,0.31,0.04,23,0.01,387,256,0.015,2.7,Dairy
Cream cheese,https://upload.wikimedia.org/wikipedia/commons/thumb/f/f7/Philly_cream_cheese.jpg/1200px-Philly_cream_cheese.jpg,350,34000,20000,8900,1500,5500,3800,6200,0,101,314,0.3333,0.02,0.009,0.00022,0.23,0.09,0.52,0.06,0,0,0.86,0.0021,97,0.11,0.02,9,0.01,107,132,0.0086,0.5,Dairy
Yolk,https://upload.wikimedia.org/wikipedia/commons/3/35/Raw_egg.jpg,322,27000,9600,12000,4200,3600,560,16000,0,1085,48,0.4326,0.18,0.146,0.002,0.53,0.02,3,0.35,0,0.0054,2.6,0.0007,129,2.7,0.08,5,0.06,390,109,0.056,2.3,Dairy
Monterey Jack,https://shop.burnettdairy.com/cdn/shop/files/a0e813c0ded860ffaa3875fd81c4736b.jpg?v=1743474232,373,30000,19000,8800,900,680,500,24000,0,89,600,0.2307,0.02,0.018,0.00083,0.39,0.09,0.21,0.08,0,0.0006,0.26,0.0025,746,0.72,0.03,27,0.01,444,81,0.015,3,Dairy
Sour cream,https://gcs.tripi.vn/public-tripi/tripi-feed/img/473892XSp/sour-cream-la-gi.jpg,181,14000,8700,4100,500,7000,300,7000,0,35,70,0.1308,0.04,0.011,0.0003,0.24,0.07,0,0.02,0.9,0.0003,0.4,0.0007,141,0.06,0.01,11,0,85,211,0.0041,0.27,Dairy
Cotija cheese,https://www.thespruceeats.com/thmb/kvu4tdEehLLcFbuHktgQZMnaj6I=/1500x0/filters:no_upscale():max_bytes(150000):strip_icc()/what-is-cotija-cheese-5112806-Hero_01-708fe4d4c1a44857910eacf107034cc7.jpg,366,30000,18000,8300,1200,4000,0,20000,0,100,1400,0.2595,0.03,0.01,0.0023,0.49,0.11,0,0.05,0,0.0005,0.25,0.0019,800,0,0.24,38,0,729,125,0.018,3.9,Dairy
Duck egg,https://www.stylecraze.com/wp-content/uploads/2021/11/Benefits-Of-Duck-Eggs-Nutrition-Side-Effects-And-Recipes-1_1200px.jpg.webp,185,14000,3700,6500,1200,1500,930,13000,0,884,146,0.2022,0.16,0.08,0.0054,0.4,0.2,1.9,0.25,0,0.0017,1.3,0.0004,64,3.9,0.06,17,0.04,220,222,0.036,1.4,Dairy
Milk,https://images.immediate.co.uk/production/volatile/sites/30/2020/02/Glass-and-bottle-of-milk-fe0997a.jpg,42,970,630,280,40,5000,5200,3400,0,5,44,0.0588,0.02,0.005,0.00047,0.19,0.09,0.36,0.04,0,0.0012,0.01,0.0001,125,0.03,0.01,11,0,95,150,0.0033,0.42,Dairy
Powdered milk,https://www.marthastewart.com/thmb/_n6b8N7i1enxW0vwrtztm-2GOfs=/1500x0/filters:no_upscale():max_bytes(150000):strip_icc()/what-is-powdered-milk-getty-0823-d48aaff493c64523b78b8c521eee16ff.jpg,496,27000,17000,7900,670,38000,38000,26000,0,97,371,0.2802,0.28,0.037,0.0033,1.2,0.65,2.3,0.3,8.6,0.0005,0.58,0.0022,912,0.47,0.08,85,0.04,776,1330,0.016,3.3,Dairy
Limburger,https://www.gfifoods.com/media/catalog/product/cache/608c797bf41e8874bcf75172f32fd01b/l/i/limburger-high_res_2016_20190717_0947401_xscqocvgvmqtc60v.jpg,327,27000,17000,8600,500,490,490,20000,0,90,800,0.3465,0.08,0.058,0.001,0.5,0.16,1.2,0.09,0,0.0005,0.23,0.0023,497,0.13,0.02,21,0.04,393,128,0.015,2.1,Dairy
Soft serve,https://upload.wikimedia.org/wikipedia/commons/thumb/6/6a/Soft_Ice_cream.jpg/250px-Soft_Ice_cream.jpg,222,13000,7500,3500,460,22000,21000,4100,700,91,61,0.1767,0.05,0.009,0.0005,0.18,0.1,0.51,0.05,0.8,0.0007,0.61,0.0009,131,0.21,0.03,12,0.01,116,177,0.003,0.52,Dairy
Cheese,https://www.huongnghiepaau.com/wp-content/uploads/2019/01/cheese-la-gi.jpg,404,33000,19000,9200,1400,3100,480,23000,0,99,653,0.3726,0.03,0.027,0.0011,0.43,0.06,0.41,0.07,0,0.0006,0.71,0.0024,710,0.14,0.03,27,0.03,455,76,0.029,3.6,Dairy
Omelette,https://i2.wp.com/www.downshiftology.com/wp-content/uploads/2021/12/How-to-Make-an-Omelette-17.jpg,154,12000,3300,4800,2700,640,310,11000,0,313,155,0.1851,0.03,0.039,0.00076,0.39,0.06,1.3,0.14,0,0.0017,1.3,0.0045,48,1.5,0.06,11,0.02,167,117,0.026,1.1,Dairy
Milkshake,https://www.allrecipes.com/thmb/uzxCGTc-5WCUZnZ7BUcYcmWKxjo=/1500x0/filters:no_upscale():max_bytes(150000):strip_icc()/AR-48974-vanilla-milkshake-hero-4x3-c815295c714f41f6b17b104e7403a53b.jpg,112,3000,1900,880,110,18000,18000,3900,0,12,95,0.0273,0.03,0.007,0.00052,0.2,0.15,0.37,0.04,0,0.0012,0.05,0.0002,146,0.1,0.05,12,0.01,115,183,0.0023,0.39,Dairy
Fontina,https://upload.wikimedia.org/wikipedia/commons/3/34/Fontina_DOP.jpg,389,31000,19000,8700,1700,1600,1600,26000,0,116,800,0.2739,0.02,0.006,0.0017,0.2,0.15,0.43,0.08,0,0.0006,0.27,0.0026,550,0.23,0.03,14,0.01,346,64,0.015,3.5,Dairy
Provolone,https://brennansmarket.com/cdn/shop/products/provolone_web.jpg?v=1614583419,351,27000,17000,7400,770,2100,560,26000,0,69,876,0.264,0.02,0.01,0.0015,0.32,0.16,0.48,0.07,0,0.0005,0.23,0.0022,756,0.52,0.03,28,0.01,496,138,0.015,3.2,Dairy
Edam,https://daylambanh.edu.vn/wp-content/uploads/2019/06/edam-cheese-la-gi-1.jpg,357,28000,18000,8100,670,1400,1400,25000,0,89,812,0.2475,0.04,0.016,0.0015,0.39,0.08,0.28,0.08,0,0.0005,0.24,0.0023,731,0.44,0.04,30,0.01,536,188,0.015,3.8,Dairy
Cottage cheese,https://daylambanh.edu.vn/wp-content/uploads/2019/06/cottage-cheese-la-gi.jpg,98,4300,1700,780,120,3400,2700,11000,0,17,364,0.042,0.03,0.012,0.00043,0.16,0.1,0.56,0.05,0,0.0001,0.08,0,83,0.07,0.03,8,0,159,104,0.0097,0.4,Dairy
Butter,https://cdn.britannica.com/27/122027-050-EAA86783/Butter.jpg,717,81000,50000,23000,3000,60,60,850,0,215,11,0.7497,0.01,0.003,0.00017,0.03,0.04,0.11,0,0,0,2.3,0.007,24,0.02,0.02,2,0,24,24,0.001,0.09,Dairy
Romano cheese,https://cheesemaking.com/cdn/shop/products/romano-cheese-making-recipe-520939.jpg?v=1744671579&width=1200,387,27000,17000,7800,590,3600,730,32000,0,104,1433,0.1245,0.04,0.007,0.0011,0.37,0.08,0.42,0.09,0,0.0005,0.23,0.0022,1064,0.77,0.03,41,0.02,760,86,0.015,2.6,Dairy
Goat milk,https://ogden_images.s3.amazonaws.com/www.iamcountryside.com/images/sites/2/2019/03/13140659/shutterstock_414901216-e1536954249170.jpg,69,4100,2700,1100,150,4500,4500,3600,0,11,50,0.0594,0.05,0.001,7.00E-05,0.14,0.28,0.31,0.05,1.3,0.0013,0.07,0.0003,134,0.05,0.05,14,0.02,111,204,0.0014,0.3,Dairy
Natt≈ç,https://www.seriouseats.com/thmb/5tq4s51XldNh0LTAAuUbcfgWMVY=/1500x0/filters:no_upscale():max_bytes(150000):strip_icc()/20230407-SEA-Natto-LorenaMasso-10-5b754e0b7ab24136b86859d5cf984913.jpg,211,11000,1600,2400,6200,13000,4900,19000,5400,0,7,0,0.16,0.008,0,0.19,0,0.22,0.13,13,0,0.01,0.023,217,8.6,0.67,115,1.5,174,729,0.0088,3,Grains
Pumpkin seed,"https://images.immediate.co.uk/production/volatile/sites/30/2023/03/Bowl-of-pumpkin-seeds-b4a5510.jpg?quality=90&resize=440,400",446,19000,3700,6000,8800,54000,0,19000,18000,0,18,0.0186,0.03,0.009,0,0.05,0.29,0.06,0.04,0.3,0,0,0,55,3.3,0.69,262,0.5,92,919,0,10,Grains
Ladyfingers,https://www.seriouseats.com/thmb/_9u33FUA2XqPUu_OuTQSZ4KsJU8=/1500x0/filters:no_upscale():max_bytes(150000):strip_icc()/__opt__aboutcom__coeus__resources__content_migration__serious_eats__seriouseats.com__images__2017__06__20170523-ladyfingers-vicky-wasik-17-e30565f46eaf450db221e7c3cfa0787c.jpg,363,9100,3000,3700,1400,60000,0,11000,1000,221,147,0.1668,0.28,0.077,0.00075,0.43,2.1,1.1,0.12,0,0,0,0,47,3.6,0.1,12,0.24,173,113,0,1.1,Grains
Nutmeg,https://frascoafrasco.pt/1143-large_default/noz-moscada-em-grao.jpg,525,36000,26000,3200,350,49000,3000,5800,21000,0,16,0.0306,0.35,0.076,0,0.06,1.3,0,0.16,3,0,0,0,184,3,1,183,2.9,213,350,0.0016,2.2,Grains
Pumpernickel bread,https://www.realsimple.com/thmb/P1am7Y3uXgDjwyRuC9hKaexQoc0=/1500x0/filters:no_upscale():max_bytes(150000):strip_icc()/pumpernickel-bread-GettyImages-89272718-4b0227dd377a411396b0fbaefaf93916.jpg,250,3100,440,930,1200,48000,530,8700,6500,0,596,0,0.33,0.093,0,0.31,3.1,0.4,0.13,0,0,0.42,0.0008,68,2.9,0.29,54,1.3,178,208,0.025,1.5,Grains
Lavash - Armenian Bread,https://triciaannemitchell.com/wp-content/uploads/2020/04/armenian-lavash-bread-1.jpg?w=1200,281,1200,200,100,500,60000,0,8700,3100,0,796,0,0.1,0.026,0,0.04,2.4,0,0.08,0,0,0.37,0,21,1.2,0.33,27,0.5,496,125,0.002,0.7,Grains
English muffins,https://aberlehome.com/wp-content/uploads/2023/11/whole-wheat-sourdough-english-muffins-213-480x480.jpg,227,1700,730,380,500,44000,3500,8900,3500,0,425,0,0.48,0.094,4.00E-05,0.25,4.1,0.36,0.05,1.8,0,0.31,0.0012,163,4,0.14,24,0.51,92,109,0.022,1.1,Grains
Apple cider vinegar,https://m.media-amazon.com/images/I/61Z3LULwliS.jpg,21,0,0,0,0,930,400,0,0,0,5,0,0,0,0,0,0,0,0,0,0,0,0,7,0.2,0.01,5,0.25,8,73,0.0001,0.04,Grains
Baked beans,https://i2.wp.com/easyrecipesfromhome.com/wp-content/uploads/2015/08/Baked-Beans-1.jpg,155,5200,1900,2100,740,22000,0,5500,5500,5,422,0,0.14,0.048,0,0.05,0.41,0.16,0.09,1.1,0,0,0,61,2,0.16,43,0.26,109,358,0.0057,0.73,Grains
Potato bread,https://pastrychefonline.com/wp-content/uploads/2020/04/jenni-potato-bread16-1.jpg,266,3100,0,0,0,47000,9400,13000,6300,0,375,0.0267,0.19,0.126,0.00015,0.11,1.3,0.82,0.23,0,0.0001,0.47,0.0068,188,2.3,0.09,28,0.25,369,718,0.0095,1.4,Grains
Cream cracker,https://i.ebayimg.com/images/g/6eQAAOSwX81kr7e~/s-l400.jpg,484,20000,5400,11000,2500,65000,9400,7000,2400,0,1148,0,0.3,0.149,0.00046,0.24,5.1,0.46,0.07,0,0,1.6,0.018,26,7.4,0.11,25,0.78,98,129,0.0095,0.66,Grains
Focaccia,https://cdn.loveandlemons.com/wp-content/uploads/opengraph/2023/12/foccacia-recipe.jpg,249,7900,880,5700,990,36000,1800,8800,1800,0,561,0.0006,0.47,0.138,0,0.3,3.7,0.65,0.11,0,0,1.4,0.0057,35,3.2,0.09,20,0.36,128,114,0.016,1.3,Grains
Strudel,https://www.giallozafferano.com/images/237-23714/Apple-strudel_1200x800.jpg,318,11000,2700,2800,4600,50000,17000,5000,1200,12,691,0.3948,0.39,0.074,0.0016,0.45,5.3,0,0.53,0,0,0,0,293,5.9,0,13,0,263,71,0,0.4,Grains
Wafer,https://www.biscuitpeople.com/media/cache/platform_hq/5876a5f645034.jpg,433,14000,4200,4900,4200,73000,37000,6600,3400,2,580,0.003,0.2,0.047,9.00E-05,0.27,2.9,0.38,0.05,0,0,0.72,0.0024,31,4,0.46,53,0.7,132,210,0.0057,1.1,Grains
Tofu yogurt,https://tastythriftytimely.com/wp-content/uploads/2023/01/5-Minute-Easy-Tofu-Yogurt-Featured.jpg,94,1800,260,400,1000,16000,1200,3500,200,0,35,0.0099,0.06,0.006,0,0.02,0.24,0,0.02,2.5,0,0.31,0.0035,118,1.1,0.08,40,0,38,47,0.013,0.31,Grains
Rye bread,https://assets.tmecosys.com/image/upload/t_web_rdp_recipe_584x480_1_5x/img/recipe/ras/Assets/163d208b08f12e778f73d6a16f97c4fa/Derivates/adbe476ed2875d06193355928ecb25b1af39673c.jpg,259,3300,630,1300,800,48000,3900,8500,5800,0,603,0.0021,0.43,0.11,0,0.34,3.8,0.44,0.08,0.4,0,0.33,0.0012,73,2.8,0.19,40,0.82,125,166,0.031,1.1,Grains
Crouton,https://chefsmandala.com/wp-content/uploads/2018/03/Croutons.jpg,407,6600,1500,3100,1300,74000,0,12000,5100,0,698,0,0.62,0.132,0,0.27,5.4,0.43,0.03,0,0,0,0,76,4.1,0.16,31,0.5,115,124,0.038,0.89,Grains
Navy beans,https://assets.tmecosys.com/image/upload/t_web_rdp_recipe_584x480_1_5x/img/recipe/ras/Assets/8365248ec8770c5b17f2503cad37bff4/Derivates/10a56b581c983a2454bb68d5ef9d7be1add1d615.jpg,140,620,100,140,490,26000,370,8200,11000,0,0,0,0.24,0.14,0,0.07,0.65,0.27,0.14,0.9,0,0.01,0.0006,69,2.4,0.21,53,0.53,144,389,0.0029,1,Grains
Cookie dough,https://www.cookingclassy.com/wp-content/uploads/2018/09/edible-cookie-dough-55.jpg,424,19000,4800,11000,2600,59000,0,5400,2500,24,294,0.021,0.23,0.035,4.00E-05,0.15,1.9,0.37,0.04,0,0,0,0,31,2.1,0.11,28,0.77,104,147,0.0091,0.64,Grains
Lima bean,"https://hips.hearstapps.com/hmg-prod/images/broad-beans-lima-beans-fresh-just-after-harvest-royalty-free-image-1718728588.jpg?crop=0.668xw:1.00xh;0.167xw,0&resize=1200:*",115,380,90,30,170,21000,2900,7800,7000,0,2,0,0.16,0.083,0,0.06,0.42,0.42,0.16,0,0,0.18,0.002,17,2.4,0.24,43,0.52,111,508,0.0045,0.95,Grains
Almond paste,https://www.kingarthurbaking.com/sites/default/files/2020-10/diy-almond-paste.jpg,458,28000,2600,18000,5800,48000,36000,9000,4800,0,9,0,0.08,0.073,0,0.41,1.4,0.11,0.04,0.1,0,14,0,172,1.6,0.45,130,0.86,258,314,0.0042,1.5,Grains
Snickers,https://m.media-amazon.com/images/I/91TUixzwrSL._SL1500_.jpg,488,24000,13000,0,0,63000,47000,6900,1900,9,189,0.036,0,0,0,0,0,0,0,0.5,0,0,0,90,0.68,0,0,0,0,0,0,0,Snacks
Caramello,https://i5.walmartimages.com/seo/Cadbury-Dairy-Milk-Caramello-Milk-Chocolate-Caramel-Candy-Bar-4-oz_b0f25555-49e2-44f2-a219-f4e165a230b1.46ae51cb9673b3a88e7093d8b84a5752.jpeg,462,21000,13000,5300,630,64000,57000,6200,1200,27,122,0.0909,0,0,0,0,0,0,0,1.7,0,0,0,213,1.1,0,0,0,150,341,0,0,Snacks
Almond joy,https://i5.walmartimages.com/seo/Almond-Joy-Coconut-and-Almond-Chocolate-King-Size-Candy-Bars-3-22-oz-4-Pieces_6a79e85d-b087-4d7d-b487-29fbe2580eff.c4bcb05e11f9e51b335e76badd8f2c82.jpeg,479,27000,18000,5300,1200,60000,48000,4100,5000,4,142,0.0126,0,0,0,0,0,0,0,0.7,0,0,0,64,1.3,0,0,0,112,254,0,0,Snacks
Creamsicle,https://nationaltoday.com/wp-content/uploads/2021/08/Creamsicle.jpg,49,2300,2000,0,0,12000,430,1400,7500,0,6,0,0,0,0,0,0,0,0,0,0,0,0,23,0.03,0,0,0,0,0,0,0,Snacks
Ice pop,https://www.52newfoods.com/wp-content/uploads/2020/01/Strawberry-Cream-Pops-Half-the-Sugar-All-the-Love-Jennifer-Tyler-Lee.jpg,79,240,10,50,20,19000,14000,0,0,0,7,0,0,0,0,0,0,0,0,0.7,0,0,0,0,0.54,0,1,0,0,15,0.0002,0.15,Snacks
Marmalade,https://www.lavenderandlovage.com/wp-content/uploads/2013/01/P1212984.jpg,246,0,0,0,0,66000,60000,300,700,0,56,0.0186,0.01,0.009,0,0.03,0.05,0.02,0.02,4.8,0,0.06,0,38,0.15,0.09,2,0.02,4,37,0.0006,0.04,Snacks
Milky way,https://www.ubuy.vn/productimg/?image=aHR0cHM6Ly9tLm1lZGlhLWFtYXpvbi5jb20vaW1hZ2VzL0kvODFFVktVeXZSMkwuX1NMMTUwMF8uanBn.jpg,456,17000,12000,2200,260,71000,60000,4000,1000,9,167,0.033,0.05,0.004,0.00018,0.1,0.15,0.16,0.01,0.7,0.0004,0.89,0.0036,115,0.49,0.15,20,0.15,67,124,0.002,0.69,Snacks
Twix,https://m.media-amazon.com/images/I/71IBchCAjdL._SL1500_.jpg,502,25000,19000,3000,630,65000,48000,4900,1100,7,198,0.0201,0.16,0.026,0.00033,0.21,1.1,0.27,0.03,0.6,0,0.74,0.0056,106,0.81,0.2,27,0.27,105,186,0.0043,1.1,Snacks
Corn chips,https://www.therawchef.com/content/images/2023/07/raw-food-recipe-dehydrated-corn-chips-1.jpg,538,33000,4300,9100,16000,57000,270,6200,4000,0,514,0.0207,0.05,0.008,0,0.08,0.84,0.19,0.17,0,0,7.2,0.0063,138,1.2,0.1,72,0.33,194,144,0.0076,1.3,Snacks
White chocolate,https://www.cocoterra.com/wp-content/uploads/white-chocolate-with-milk-powder.jpg,539,32000,19000,9100,1000,59000,59000,5900,200,21,90,0.009,0.06,0.007,0.00056,0.28,0.75,0.61,0.06,0.5,0,0.96,0.0091,199,0.24,0.06,12,0.01,176,286,0.0045,0.74,Snacks
Skittles,https://www.vitaminhouse.vn/cdn/shop/files/snapedit_1718162574971.png?v=1744342317,402,4300,4100,0,0,91000,76000,190,0,0,15,0,0,0,0,0,0,0,0,67,0,0,0,0,0,0,0,0,0,0,0,0,Snacks
Taffy (candy),https://www.ohnuts.com/noapp/showImage.cfm/extra-large/Assorted%20Salt%20Water%20Taffy%20.jpg,397,3300,2000,840,120,92000,68000,30,0,9,52,0.03,0.03,0,1.00E-05,0.01,0,0,0,0,0,0.09,0.0003,8,0.01,0,0,0,1,3,0.0007,0.21,Snacks
Fortune cookie,https://m.media-amazon.com/images/I/51zQCQDNlJL._SL1000_.jpg,378,2700,670,1300,470,84000,45000,4200,1600,2,31,0.0009,0.18,0.066,1.00E-05,0.13,1.8,0.3,0.01,0,0,0.03,0.0011,12,1.4,0.06,7,0.19,35,41,0.0029,0.17,Snacks
Toffee,https://upload.wikimedia.org/wikipedia/commons/thumb/f/f3/Thorntonstoffee.jpg/1200px-Thorntonstoffee.jpg,560,33000,21000,9000,1200,65000,63000,1100,0,104,135,0.3456,0.01,0.002,0.00011,0.07,0.03,0.13,0.01,0.2,0,0.94,0.0028,34,0.03,0,4,0,32,51,0.0008,0.12,Snacks
Fudge,https://upload.wikimedia.org/wikipedia/commons/thumb/9/91/Handmade_fruit_fudge_squares.jpg/960px-Handmade_fruit_fudge_squares.jpg,411,10000,6400,2900,370,76000,73000,2400,1700,14,45,0.0477,0.03,0.004,9.00E-05,0.09,0.18,0.14,0.01,0,0,0.18,0.0014,49,1.8,0.33,36,0.42,71,134,0.0025,1.1,Snacks
Pectin,https://upload.wikimedia.org/wikipedia/commons/d/dd/Pectin.jpg,325,300,50,10,90,90000,0,300,8600,0,200,0.0009,0.01,0.001,0,0.06,0.01,0.11,0.01,0,0,0,0,7,2.7,0.42,1,0.07,2,7,0,0.47,Snacks
Tapioca,https://www.navitalo.com/wp-content/uploads/2021/12/tapioka-what-is-that.jpeg,105,1700,990,450,60,20000,0,2900,0,6,121,0.048,0.03,0.004,0.00025,0.14,0.08,0.28,0.03,0.7,0.0009,0,0,105,0.06,0.01,12,0.01,82,133,0.002,0.35,Snacks
Sugar,https://physalisvn.com/uploads/blog/2024_02/sugar.jpg,387,0,0,0,0,100000,100000,0,0,0,1,0,0,0,0,0.02,0,0,0,0,0,0,0,1,0.05,0.01,0,0,0,2,0.0006,0.01,Snacks
Plantain chips,https://foreignfork.com/wp-content/uploads/2022/02/SweetPlantainChipsFEATURE.jpg,531,30000,8300,5600,12000,64000,920,2300,3500,0,202,0.4158,0.07,0.035,0,0.04,0.8,1.1,0.46,32,0,5,0.029,9,0.97,0.2,71,0.28,78,786,0.0004,0.37,Snacks
After eight,https://m.media-amazon.com/images/I/712e63wVUaL._SL1500_.jpg,432,12000,8300,0,0,80000,67000,1700,2400,0,1,0,0,0,0,0,0,0,0,0,0,0,0,13,0.57,0,0,0,0,0,0,0,Snacks
York peppermint pattie,https://i5.walmartimages.com/asr/aa1b338b-d57a-48fa-a113-22ade0ee7e8f.3c3a97a6ce656788d552849b5cfee957.jpeg?odnHeight=768&odnWidth=768&odnBg=FFFFFF,384,7200,4300,410,110,81000,64000,2200,2000,1,28,0.0021,0,0,0,0,0,0,0,0,0,0,0,11,0.92,0,0,0,0,111,0,0,Snacks
Rice milk,https://upload.wikimedia.org/wikipedia/commons/a/af/Rice_milk.jpg,47,970,0,630,310,9200,5300,280,300,0,39,0.0624,0.03,0.002,0.00063,0.14,0.39,0.15,0.04,0,0.001,0.47,0.0002,118,0.2,0.04,11,0.28,56,27,0.0022,0.13,Beverages
Apple juice,"https://www.usatoday.com/gcdn/authoring/authoring-images/2024/03/27/USAT/73123240007-getty-images-503096289.jpg?crop=5119,3839,x576,y0",46,130,20,10,40,11000,9600,100,200,0,4,0.0003,0.02,0,0,0.02,0.07,0.05,0.02,0.9,0,0.01,0,8,0.12,0.01,5,0.07,7,101,0.0001,0.02,Beverages
Liqueur,https://drinksworld.com/wp-content/uploads/liqueur-02.jpg,327,16000,9700,4500,670,21000,20000,2800,0,58,92,0.186,0.01,0.002,8.00E-05,0.06,0.08,0.09,0.01,0.2,0,0.45,0.0013,16,0.13,0.04,2,0.01,50,32,0.0004,0.16,Beverages
Syrah wine,https://cdn.shopify.com/s/files/1/0615/8663/7027/files/Syrah_blog_1_480x480.jpg?v=1700039931,83,0,0,0,0,2600,0,70,0,0,0,0,0,0,0,0,0,0,0,0,0,0,0,0,0,0,0,0,0,0,0,0,Beverages
SlimFast shake,https://shop.slimfast.com/cdn/shop/products/slimfast-original-shakes-creamy-milk-chocolate_1.jpg?v=1673308852,58,2900,450,2100,290,850,600,6600,400,4,72,0.1695,0.17,0.039,0.0006,0.19,2.4,1.2,0.21,19,0.0011,4.6,0.0065,130,0.96,0.01,44,0,136,179,0.0045,0.85,Beverages
Sake,https://file.hstatic.net/200000079633/file/sake_1_5b2d617c39b14c06bcf4aa032a4e9656_1024x1024.jpg,134,0,0,0,0,5000,0,500,0,0,2,0,0,0,0,0,0,0,0,0,0,0,0,5,0.1,0.01,6,0,6,25,0.0014,0.02,Beverages
Whiskey sour,"https://assets.bonappetit.com/photos/63a4b2aba1a7b40ea0bebd03/1:1/w_1727,h_1727,c_limit/WhiskeySour.jpeg",383,100,20,10,40,97000,97000,600,0,0,274,0.009,0.01,0,1.00E-05,0,0,0.06,0,2.7,0,0,0,272,0.39,0.13,19,0,13,19,0.0006,0.14,Beverages
Wine,https://www.perfectcellar.com/cdn/shop/articles/Fine_Wine_and_Regular_Wine.jpg?v=1643119025,83,0,0,0,0,2700,790,70,0,0,5,0,0.01,0.001,0,0.02,0.17,0.04,0.05,0,0,0,0,8,0.37,0.01,11,0.12,20,99,0.0002,0.13,Beverages
Tomato juice,https://www.simplyrecipes.com/thmb/z95Tx3jzQkPNc_i1MlDHmy2pI-Q=/1500x0/filters:no_upscale():max_bytes(150000):strip_icc()/__opt__aboutcom__coeus__resources__content_migration__simply_recipes__uploads__2008__08__homemade-tomato-juice-horiz-a-1200-c37b5128f0f248999446fc460f8afb96.jpg,17,290,20,10,30,3500,2600,850,400,0,10,0.135,0.1,0.02,0,0.08,0.67,0,0.07,70,0,0.32,0.0023,10,0.39,0.04,11,0.07,19,217,0.0005,0.11,Beverages
Water,"https://img.waterworld.com/files/base/ebm/ww/image/2024/03/65e724a21f04ab001e1d8534-dreamstime_xl_32360015.png?auto=format,compress&fit=max&q=45&w=640&width=640",0,0,0,0,0,0,0,0,0,0,5,0,0,0,0,0,0,0,0,0,0,0,0,3,0,0.02,1,0,0,0,0,0.01,Beverages
Sprite,https://product.hstatic.net/200000077081/product/e18_adef87e7cbf64567bb9d71abc0b82c94_grande.jpg,40,20,0,0,0,10000,9000,50,0,0,9,0,0,0,0,0,0.02,0,0,0,0,0,0,2,0.11,0,1,0,0,1,0,0.04,Beverages
Green tea,"https://images.immediate.co.uk/production/volatile/sites/30/2024/03/Green-tea440-af7dd17.jpg?quality=90&resize=440,400",30,180,0,0,0,7200,6900,0,0,0,2,0,0.04,0,0,0,0,0,0,7.7,0,0,0,3,0.02,0.01,1,0.12,0,5,0,0.01,Beverages
Sauvignon blanc,https://vangchat.com.vn/wp-content/uploads/2021/08/ruou-vang-tatachilla-sauvignon-blanc-300x300.jpg,81,0,0,0,0,2100,0,70,0,0,0,0,0,0,0,0,0,0,0,0,0,0,0,0,0,0,0,0,0,0,0,0,Beverages
Roman chamomile,https://images-prod.healthline.com/hlcmsresource/images/chamomile-tea.jpg,1,0,0,0,10,200,0,0,0,0,1,0.006,0.01,0.001,0,0,0,0.01,0,0,0,0,0,2,0.08,0.02,1,0.04,0,9,0,0.04,Beverages
Malt beer,https://upload.wikimedia.org/wikipedia/commons/4/41/Flasche_Vitamalz.jpg,68,0,0,0,0,10000,9800,0,0,0,5,0,0.01,0.004,1.00E-05,0.01,0.23,0.04,0.02,2.8,0,0.02,0,4,0.03,0.01,4,0.01,7,27,0.0003,0.01,Beverages
Mocha,https://upload.wikimedia.org/wikipedia/commons/7/7e/Mocha_coffee.jpg,460,16000,4900,8900,1100,74000,58000,5300,1900,0,317,0.0015,0.03,0.009,0.00045,0.03,2.3,0.05,0.06,0.6,0,0,0.0015,271,0,0.44,68,0.45,251,1033,0.0062,0.96,Beverages
Semillon,https://bizweb.dktcdn.net/100/441/574/files/wine-semillon.jpg?v=1678355724330,82,0,0,0,0,3100,0,70,0,0,0,0,0,0,0,0,0,0,0,0,0,0,0,0,0,0,0,0,0,0,0,0,Beverages
Horchata,https://carolinarice.com/wp-content/uploads/2020/04/GettyImages-493110032.jpg,54,710,0,0,0,12000,9400,480,0,0,14,0,0,0,0,0,0.05,0,0.02,0,0,0.24,0,18,0.01,0,3,0.01,15,34,0.0004,0.06,Beverages
Red Bull Energy Drink,https://shop.annam-gourmet.com/pub/media/catalog/product/cache/a75222ce7edda842b603082f8eb93d02/i/t/item_F140193_8a69.jpg,43,0,0,0,0,10000,10000,460,0,0,39,0,0.04,0,0.002,0.1,9.8,1.5,2.2,0,0,0,0,6,0.06,0,19,0.01,0,3,0.0002,0.01,Beverages
Lemon tea,https://teacultureoftheworld.com/cdn/shop/files/Image1_600x.jpg?v=1699359685,2,0,0,0,0,410,0,0,0,0,1,0,0,0,0,0,0,0,0,0,0,0,0,0,0,0.01,0,0.09,0,37,0,0.01,Beverages
Creme de menthe,https://sanhruou.com/media/12926/catalog/Giffard-Creme-De-Menthe-Green.jpg,371,300,10,20,170,42000,42000,0,0,0,5,0,0,0,0,0,0,0,0,0,0,0,0,0,0.07,0.08,0,0.04,0,0,0.0004,0.04,Beverages
